Issue key,Issue id,Parent id,Sprint,Sprint,Sprint,Sprint,Sprint,Sprint,Sprint
NCIS-1,235639,,,,,,,,
NCIS-2,238558,,NCIS Sprint 1,,,,,,
NCIS-3,238560,,NCIS Sprint 1,,,,,,
NCIS-4,238669,,,,,,,,
NCIS-5,239070,,,,,,,,
NCIS-6,239071,,,,,,,,
NCIS-7,239072,,,,,,,,
NCIS-8,239073,,,,,,,,
NCIS-9,239074,,,,,,,,
NCIS-10,239075,,,,,,,,
NCIS-11,239076,,,,,,,,
NCIS-12,239077,,,,,,,,
NCIS-13,239078,,,,,,,,
NCIS-14,239079,,,,,,,,
NCIS-15,239080,,,,,,,,
NCIS-16,239081,,,,,,,,
NCIS-17,239082,,,,,,,,
NCIS-18,239083,,,,,,,,
NCIS-19,239084,,,,,,,,
NCIS-20,239085,,,,,,,,
NCIS-21,239086,,,,,,,,
NCIS-22,239087,,,,,,,,
NCIS-23,239088,,,,,,,,
NCIS-24,239089,,,,,,,,
NCIS-25,239090,,,,,,,,
NCIS-26,239091,,,,,,,,
NCIS-27,239092,,,,,,,,
NCIS-28,239093,,,,,,,,
NCIS-29,239094,,,,,,,,
NCIS-30,239095,,,,,,,,
NCIS-31,239096,,,,,,,,
NCIS-32,239097,,,,,,,,
NCIS-33,239098,,,,,,,,
NCIS-34,239099,,,,,,,,
NCIS-35,239100,,,,,,,,
NCIS-36,239101,,,,,,,,
NCIS-37,239102,,,,,,,,
NCIS-38,239103,,,,,,,,
NCIS-39,239104,,,,,,,,
NCIS-40,239105,,,,,,,,
NCIS-41,239106,,,,,,,,
NCIS-42,239107,,,,,,,,
NCIS-43,239108,,,,,,,,
NCIS-44,239109,,,,,,,,
NCIS-45,239110,,,,,,,,
NCIS-46,239111,,,,,,,,
NCIS-47,239112,,,,,,,,
NCIS-48,239113,,,,,,,,
NCIS-49,239114,,,,,,,,
NCIS-50,239115,,,,,,,,
NCIS-51,239116,,,,,,,,
NCIS-52,239117,,,,,,,,
NCIS-53,239118,,,,,,,,
NCIS-54,239119,,,,,,,,
NCIS-55,239120,,,,,,,,
NCIS-56,239121,,,,,,,,
NCIS-57,239122,,,,,,,,
NCIS-58,239123,,,,,,,,
NCIS-59,239124,,,,,,,,
NCIS-60,239125,,,,,,,,
NCIS-61,239126,,,,,,,,
NCIS-62,239127,,,,,,,,
NCIS-63,239128,,,,,,,,
NCIS-64,239129,,,,,,,,
NCIS-65,239130,,,,,,,,
NCIS-66,239131,,,,,,,,
NCIS-67,239132,,,,,,,,
NCIS-68,239133,,,,,,,,
NCIS-69,239153,,NCIS Sprint 1,,,,,,
NCIS-70,239154,,NCIS Sprint 1,,,,,,
NCIS-71,239155,,NCIS Sprint 1,,,,,,
NCIS-72,239156,,NCIS Sprint 1,,,,,,
NCIS-73,239157,,NCIS Sprint 1,,,,,,
NCIS-74,239158,,NCIS Sprint 1,,,,,,
NCIS-75,239159,,NCIS Sprint 1,,,,,,
NCIS-76,239322,239155,NCIS Sprint 1,,,,,,
NCIS-77,239325,239155,NCIS Sprint 1,,,,,,
NCIS-78,239326,239155,NCIS Sprint 1,,,,,,
NCIS-79,239266,,,,,,,,
NCIS-80,241010,,,,,,,,
NCIS-81,241011,,,,,,,,
NCIS-82,242097,,NCIS Sprint 2,,,,,,
NCIS-83,242098,,NCIS Sprint 2,,,,,,
NCIS-84,242100,,NCIS Sprint 2,NCIS Sprint 4,,,,,
NCIS-85,241926,,NCIS Sprint 2,,,,,,
NCIS-86,241927,,NCIS Sprint 2,,,,,,
NCIS-87,241928,,NCIS Sprint 2,,,,,,
NCIS-88,241931,,NCIS Sprint 2,,,,,,
NCIS-89,242477,,NCIS Sprint 2,,,,,,
NCIS-90,242478,,NCIS Sprint 2,,,,,,
NCIS-91,242479,,NCIS Sprint 2,,,,,,
NCIS-92,242480,,NCIS Sprint 2,,,,,,
NCIS-93,242481,,NCIS Sprint 2,,,,,,
NCIS-94,242482,,NCIS Sprint 2,,,,,,
NCIS-95,242483,,NCIS Sprint 2,,,,,,
NCIS-96,242484,,NCIS Sprint 2,,,,,,
NCIS-97,242485,,NCIS Sprint 2,,,,,,
NCIS-98,242486,,NCIS Sprint 2,,,,,,
NCIS-99,242487,,NCIS Sprint 2,,,,,,
NCIS-100,242490,,NCIS Sprint 2,,,,,,
NCIS-101,242492,,NCIS Sprint 2,,,,,,
NCIS-102,242515,,NCIS Sprint 2,,,,,,
NCIS-103,243119,,NCIS Sprint 2,,,,,,
NCIS-104,243120,,NCIS Sprint 2,,,,,,
NCIS-105,243121,,NCIS Sprint 2,,,,,,
NCIS-106,243123,,NCIS Sprint 2,,,,,,
NCIS-107,243124,,NCIS Sprint 2,,,,,,
NCIS-108,243125,,,,,,,,
NCIS-109,243155,,,,,,,,
NCIS-110,243167,,,,,,,,
NCIS-111,243258,,,,,,,,
NCIS-112,243259,408322,,,,,,,
NCIS-113,243558,,NCIS Sprint 2,,,,,,
NCIS-114,243367,,NCIS Sprint 3,,,,,,
NCIS-115,243975,,NCIS Sprint 4,,,,,,
NCIS-116,243976,,NCIS Sprint 3,,,,,,
NCIS-117,243977,,NCIS Sprint 3,,,,,,
NCIS-118,243978,,NCIS Sprint 3,,,,,,
NCIS-119,243979,,NCIS Sprint 3,,,,,,
NCIS-120,243980,,NCIS Sprint 3,,,,,,
NCIS-121,243981,,NCIS Sprint 3,,,,,,
NCIS-122,244377,,,,,,,,
NCIS-123,244576,,,,,,,,
NCIS-124,244545,,,,,,,,
NCIS-125,244547,,,,,,,,
NCIS-126,244550,,,,,,,,
NCIS-127,244560,,,,,,,,
NCIS-128,244561,,,,,,,,
NCIS-129,244563,,,,,,,,
NCIS-130,244566,,,,,,,,
NCIS-131,244771,,,,,,,,
NCIS-132,244776,,,,,,,,
NCIS-133,244777,,,,,,,,
NCIS-134,244778,,,,,,,,
NCIS-135,244779,,,,,,,,
NCIS-136,244780,,,,,,,,
NCIS-137,244782,,,,,,,,
NCIS-138,245076,,,,,,,,
NCIS-139,245582,,,,,,,,
NCIS-140,245594,,,,,,,,
NCIS-141,245599,,,,,,,,
NCIS-142,245601,,,,,,,,
NCIS-143,245602,,,,,,,,
NCIS-144,245603,,,,,,,,
NCIS-145,245604,,,,,,,,
NCIS-146,245605,,,,,,,,
NCIS-147,245615,,,,,,,,
NCIS-148,245616,,,,,,,,
NCIS-149,245617,,,,,,,,
NCIS-150,245902,,,,,,,,
NCIS-151,245903,,,,,,,,
NCIS-152,245906,,,,,,,,
NCIS-153,330842,,NCIS Sprint 3,,,,,,
NCIS-154,330843,,,,,,,,
NCIS-155,330844,330843,,,,,,,
NCIS-156,330845,330843,,,,,,,
NCIS-157,330847,330843,,,,,,,
NCIS-158,330849,330843,,,,,,,
NCIS-159,330850,330843,,,,,,,
NCIS-160,330851,330843,,,,,,,
NCIS-161,330852,330843,,,,,,,
NCIS-162,330853,330843,,,,,,,
NCIS-163,330854,,,,,,,,
NCIS-164,330856,,NCIS Sprint 3,,,,,,
NCIS-165,330857,,,,,,,,
NCIS-166,331188,,,,,,,,
NCIS-167,331294,,,,,,,,
NCIS-168,331302,,NCIS Sprint 3,,,,,,
NCIS-169,331303,,,,,,,,
NCIS-170,331446,,NCIS Sprint 3,,,,,,
NCIS-171,331833,,NCIS Sprint 3,,,,,,
NCIS-172,332348,,,,,,,,
NCIS-173,332240,,,,,,,,
NCIS-174,332487,,NCIS Sprint 3,,,,,,
NCIS-175,332575,,NCIS Sprint 3,,,,,,
NCIS-176,334140,,NCIS Sprint 14,NCIS Sprint 15,,,,,
NCIS-177,334447,,NCIS Sprint 3,,,,,,
NCIS-178,390670,,NCIS Sprint 3,,,,,,
NCIS-179,407146,,NCIS Sprint 11,NCIS Sprint 12,NCIS Sprint 14,NCIS Sprint 15,,,
NCIS-180,407147,,,,,,,,
NCIS-181,407342,334140,NCIS Sprint 14,NCIS Sprint 15,,,,,
NCIS-182,407343,334140,NCIS Sprint 14,NCIS Sprint 15,,,,,
NCIS-183,407344,334140,NCIS Sprint 14,NCIS Sprint 15,,,,,
NCIS-184,407346,334140,NCIS Sprint 14,NCIS Sprint 15,,,,,
NCIS-185,407348,334140,NCIS Sprint 14,NCIS Sprint 15,,,,,
NCIS-186,407349,334140,NCIS Sprint 14,NCIS Sprint 15,,,,,
NCIS-187,407352,334140,NCIS Sprint 14,NCIS Sprint 15,,,,,
NCIS-188,407354,334140,NCIS Sprint 14,NCIS Sprint 15,,,,,
NCIS-189,407355,334140,NCIS Sprint 14,NCIS Sprint 15,,,,,
NCIS-190,407356,334140,NCIS Sprint 14,NCIS Sprint 15,,,,,
NCIS-191,407357,334140,NCIS Sprint 14,NCIS Sprint 15,,,,,
NCIS-192,407358,334140,NCIS Sprint 14,NCIS Sprint 15,,,,,
NCIS-193,407359,334140,NCIS Sprint 14,NCIS Sprint 15,,,,,
NCIS-194,407360,334140,NCIS Sprint 14,NCIS Sprint 15,,,,,
NCIS-195,407361,334140,NCIS Sprint 14,NCIS Sprint 15,,,,,
NCIS-196,407362,334140,NCIS Sprint 14,NCIS Sprint 15,,,,,
NCIS-197,407363,334140,NCIS Sprint 14,NCIS Sprint 15,,,,,
NCIS-198,407364,334140,NCIS Sprint 14,NCIS Sprint 15,,,,,
NCIS-199,407365,407146,NCIS Sprint 11,NCIS Sprint 12,NCIS Sprint 14,NCIS Sprint 15,,,
NCIS-200,407366,407146,NCIS Sprint 11,NCIS Sprint 12,NCIS Sprint 14,NCIS Sprint 15,,,
NCIS-201,407367,407146,NCIS Sprint 11,NCIS Sprint 12,NCIS Sprint 14,NCIS Sprint 15,,,
NCIS-202,407368,407146,NCIS Sprint 11,NCIS Sprint 12,NCIS Sprint 14,NCIS Sprint 15,,,
NCIS-203,407369,407146,NCIS Sprint 11,NCIS Sprint 12,NCIS Sprint 14,NCIS Sprint 15,,,
NCIS-204,407370,407146,NCIS Sprint 11,NCIS Sprint 12,NCIS Sprint 14,NCIS Sprint 15,,,
NCIS-205,407372,,NCIS Sprint 4,,,,,,
NCIS-206,407373,,,,,,,,
NCIS-207,407374,,NCIS Sprint 4,,,,,,
NCIS-208,408299,,,,,,,,
NCIS-209,408300,,,,,,,,
NCIS-210,408301,,,,,,,,
NCIS-211,408303,,,,,,,,
NCIS-212,408304,,,,,,,,
NCIS-213,408305,,,,,,,,
NCIS-214,408306,,NCIS Sprint 15,NCIS Sprint 16,NCIS Sprint 17,NCIS Sprint 18,,,
NCIS-215,408307,,,,,,,,
NCIS-216,408308,,,,,,,,
NCIS-217,408309,,,,,,,,
NCIS-218,408310,,,,,,,,
NCIS-219,408311,,,,,,,,
NCIS-220,408312,,NCIS Sprint 14,NCIS Sprint 15,,,,,
NCIS-221,408313,,NCIS Sprint 11,NCIS Sprint 12,NCIS Sprint 14,NCIS Sprint 15,,,
NCIS-222,408314,,,,,,,,
NCIS-223,408315,,,,,,,,
NCIS-224,408316,,,,,,,,
NCIS-225,408317,,,,,,,,
NCIS-226,408318,,,,,,,,
NCIS-227,408319,,,,,,,,
NCIS-228,408320,,,,,,,,
NCIS-229,408321,,,,,,,,
NCIS-230,408322,,,,,,,,
NCIS-231,408323,,,,,,,,
NCIS-232,408324,,NCIS Sprint 12,NCIS Sprint 15,NCIS Sprint 16,NCIS Sprint 17,NCIS Sprint 18,,
NCIS-233,408325,,,,,,,,
NCIS-234,408326,,,,,,,,
NCIS-235,408327,,,,,,,,
NCIS-236,408358,,,,,,,,
NCIS-237,408363,,,,,,,,
NCIS-238,408364,,,,,,,,
NCIS-239,408366,,,,,,,,
NCIS-240,408368,,,,,,,,
NCIS-241,408497,,,,,,,,
NCIS-242,410337,,,,,,,,
NCIS-243,411214,,,,,,,,
NCIS-244,411215,,,,,,,,
NCIS-245,411861,,,,,,,,
NCIS-246,412860,,,,,,,,
NCIS-247,412861,,,,,,,,
NCIS-248,412862,,,,,,,,
NCIS-249,412863,,,,,,,,
NCIS-250,413798,,NCIS Sprint 5,,,,,,
NCIS-252,414327,330843,,,,,,,
NCIS-253,414934,,NCIS Sprint 5,,,,,,
NCIS-254,414935,,NCIS Sprint 5,,,,,,
NCIS-255,415765,,,,,,,,
NCIS-256,415766,,,,,,,,
NCIS-257,415767,,,,,,,,
NCIS-258,415969,,NCIS Sprint 5,,,,,,
NCIS-259,416072,,NCIS Sprint 5,,,,,,
NCIS-260,416073,,NCIS Sprint 5,,,,,,
NCIS-261,416074,,NCIS Sprint 11,NCIS Sprint 12,NCIS Sprint 14,NCIS Sprint 15,NCIS Sprint 16,NCIS Sprint 17,NCIS Sprint 18
NCIS-262,416075,,NCIS Sprint 11,NCIS Sprint 12,NCIS Sprint 14,NCIS Sprint 15,NCIS Sprint 16,NCIS Sprint 17,NCIS Sprint 18
NCIS-264,416078,,NCIS Sprint 11,NCIS Sprint 12,NCIS Sprint 15,NCIS Sprint 16,,,
NCIS-265,416080,,,,,,,,
NCIS-266,416081,,,,,,,,
NCIS-267,416082,,NCIS Sprint 5,,,,,,
NCIS-268,416241,,NCIS Sprint 5,,,,,,
NCIS-269,416242,,NCIS Sprint 5,,,,,,
NCIS-270,418099,,,,,,,,
NCIS-271,418100,,,,,,,,
NCIS-272,418101,,,,,,,,
NCIS-273,418273,,,,,,,,
NCIS-274,418274,,NCIS Sprint 6,,,,,,
NCIS-275,418275,,NCIS Sprint 6,,,,,,
NCIS-276,418277,,NCIS Sprint 6,,,,,,
NCIS-277,474683,,NCIS Sprint 9,,,,,,
NCIS-278,474684,,NCIS Sprint 9,,,,,,
NCIS-279,474686,,NCIS Sprint 9,,,,,,
NCIS-280,474707,,NCIS Sprint 8,,,,,,
NCIS-281,474708,,NCIS Sprint 8,,,,,,
NCIS-282,476478,474708,NCIS Sprint 8,,,,,,
NCIS-283,476571,474707,NCIS Sprint 8,,,,,,
NCIS-284,476573,474707,NCIS Sprint 8,,,,,,
NCIS-285,477188,474708,NCIS Sprint 8,,,,,,
NCIS-286,477189,474708,NCIS Sprint 8,,,,,,
NCIS-287,477097,,NCIS Sprint 7,,,,,,
NCIS-288,477051,,NCIS Sprint 11,NCIS Sprint 12,,,,,
NCIS-289,477445,,NCIS Sprint 10,,,,,,
NCIS-290,477468,,,,,,,,
NCIS-297,477880,477468,,,,,,,
NCIS-298,477881,477468,,,,,,,
NCIS-299,477882,477468,,,,,,,
NCIS-300,477883,477468,,,,,,,
NCIS-301,477884,477468,,,,,,,
NCIS-302,477885,477468,,,,,,,
NCIS-310,483257,474707,NCIS Sprint 8,,,,,,
NCIS-311,485775,474708,NCIS Sprint 8,,,,,,
NCIS-312,485888,,NCIS Sprint 8,,,,,,
NCIS-313,485889,,NCIS Sprint 8,,,,,,
NCIS-314,486349,474707,NCIS Sprint 8,,,,,,
NCIS-315,488562,474707,NCIS Sprint 8,,,,,,
NCIS-316,498454,474707,NCIS Sprint 8,,,,,,
NCIS-317,498765,474708,NCIS Sprint 8,,,,,,
NCIS-318,499480,474708,NCIS Sprint 8,,,,,,
NCIS-319,502482,474708,NCIS Sprint 8,,,,,,
NCIS-320,615077,,NCIS Sprint 8,,,,,,
NCIS-321,615078,,NCIS Sprint 8,,,,,,
NCIS-322,616062,,,,,,,,
NCIS-323,616063,,NCIS Sprint 11,,,,,,
NCIS-324,616064,,NCIS Sprint 11,,,,,,
NCIS-325,616066,,NCIS Sprint 13,,,,,,
NCIS-326,616272,,NCIS Sprint 11,,,,,,
NCIS-327,616183,616066,NCIS Sprint 13,,,,,,
NCIS-328,616185,616066,NCIS Sprint 13,,,,,,
NCIS-330,622470,,NCIS Sprint 11,,,,,,
NCIS-331,623609,616066,NCIS Sprint 13,,,,,,
NCIS-333,624840,,NCIS Sprint 11,NCIS Sprint 12,NCIS Sprint 14,NCIS Sprint 15,,,
NCIS-334,625245,616066,NCIS Sprint 13,,,,,,
NCIS-335,626280,,NCIS Sprint 11,,,,,,
NCIS-337,629686,,,,,,,,
NCIS-342,629691,,,,,,,,
NCIS-349,629535,,NCIS Sprint 11,NCIS Sprint 12,NCIS Sprint 14,NCIS Sprint 15,,,
NCIS-350,629536,629535,NCIS Sprint 11,NCIS Sprint 12,NCIS Sprint 14,NCIS Sprint 15,,,
NCIS-351,630113,,,,,,,,
NCIS-352,630119,,,,,,,,
NCIS-353,630139,,,,,,,,
NCIS-354,630149,,,,,,,,
NCIS-356,631786,,,,,,,,
NCIS-357,631787,,,,,,,,
NCIS-358,631788,,,,,,,,
NCIS-359,631789,,,,,,,,
NCIS-360,634672,,,,,,,,
NCIS-361,634673,,,,,,,,
NCIS-362,634674,,,,,,,,
NCIS-363,634675,,,,,,,,
NCIS-364,634676,,,,,,,,
NCIS-365,634677,,,,,,,,
NCIS-366,635411,,,,,,,,
NCIS-367,635412,,,,,,,,
NCIS-368,635413,,,,,,,,
NCIS-369,635414,,,,,,,,
NCIS-370,635415,,,,,,,,
NCIS-371,635416,,,,,,,,
NCIS-372,635426,,,,,,,,
NCIS-373,635427,,,,,,,,
NCIS-374,635428,,,,,,,,
NCIS-375,635429,,,,,,,,
NCIS-376,635430,,,,,,,,
NCIS-377,635431,,,,,,,,
NCIS-378,637032,629535,NCIS Sprint 11,NCIS Sprint 12,NCIS Sprint 14,NCIS Sprint 15,,,
NCIS-379,637035,629535,NCIS Sprint 11,NCIS Sprint 12,NCIS Sprint 14,NCIS Sprint 15,,,
NCIS-380,637038,629535,NCIS Sprint 11,NCIS Sprint 12,NCIS Sprint 14,NCIS Sprint 15,,,
NCIS-381,637040,629535,NCIS Sprint 11,NCIS Sprint 12,NCIS Sprint 14,NCIS Sprint 15,,,
NCIS-383,637322,,,,,,,,
NCIS-384,637323,,,,,,,,
NCIS-385,637324,,,,,,,,
NCIS-386,637325,,,,,,,,
NCIS-389,637422,,NCIS Sprint 11,NCIS Sprint 12,,,,,
NCIS-390,639012,629535,NCIS Sprint 11,NCIS Sprint 12,NCIS Sprint 14,NCIS Sprint 15,,,
NCIS-391,639084,,NCIS Sprint 11,NCIS Sprint 12,NCIS Sprint 14,NCIS Sprint 15,,,
NCIS-392,639088,,NCIS Sprint 11,NCIS Sprint 12,NCIS Sprint 14,NCIS Sprint 15,,,
NCIS-393,639089,,NCIS Sprint 11,NCIS Sprint 14,NCIS Sprint 15,,,,
NCIS-394,639090,,NCIS Sprint 11,NCIS Sprint 14,NCIS Sprint 15,,,,
NCIS-395,639091,,,,,,,,
NCIS-396,639092,,NCIS Sprint 11,NCIS Sprint 14,NCIS Sprint 15,,,,
NCIS-397,639094,,NCIS Sprint 11,NCIS Sprint 12,NCIS Sprint 14,NCIS Sprint 15,,,
NCIS-398,639095,,NCIS Sprint 11,NCIS Sprint 12,NCIS Sprint 14,NCIS Sprint 15,,,
NCIS-399,639988,624840,NCIS Sprint 11,NCIS Sprint 12,NCIS Sprint 14,NCIS Sprint 15,,,
NCIS-400,642513,639095,NCIS Sprint 11,NCIS Sprint 12,NCIS Sprint 14,NCIS Sprint 15,,,
NCIS-401,642514,639095,NCIS Sprint 11,NCIS Sprint 12,NCIS Sprint 14,NCIS Sprint 15,,,
NCIS-402,642529,629535,NCIS Sprint 11,NCIS Sprint 12,NCIS Sprint 14,NCIS Sprint 15,,,
NCIS-403,642723,629535,NCIS Sprint 11,NCIS Sprint 12,NCIS Sprint 14,NCIS Sprint 15,,,
NCIS-404,643975,,NCIS Sprint 11,NCIS Sprint 12,NCIS Sprint 14,NCIS Sprint 15,,,
NCIS-405,643923,639084,NCIS Sprint 11,NCIS Sprint 12,NCIS Sprint 14,NCIS Sprint 15,,,
NCIS-406,644062,,NCIS Sprint 12,NCIS Sprint 16,NCIS Sprint 17,NCIS Sprint 18,,,
NCIS-407,644425,408324,NCIS Sprint 12,NCIS Sprint 15,NCIS Sprint 16,NCIS Sprint 17,NCIS Sprint 18,,
NCIS-408,644427,646328,NCIS Sprint 12,NCIS Sprint 14,NCIS Sprint 15,NCIS Sprint 16,NCIS Sprint 17,NCIS Sprint 18,
NCIS-409,644534,639089,NCIS Sprint 11,NCIS Sprint 14,NCIS Sprint 15,,,,
NCIS-410,644937,643975,NCIS Sprint 11,NCIS Sprint 12,NCIS Sprint 14,NCIS Sprint 15,,,
NCIS-411,646187,629535,NCIS Sprint 11,NCIS Sprint 12,NCIS Sprint 14,NCIS Sprint 15,,,
NCIS-412,646208,629535,NCIS Sprint 11,NCIS Sprint 12,NCIS Sprint 14,NCIS Sprint 15,,,
NCIS-413,646324,,NCIS Sprint 12,NCIS Sprint 15,NCIS Sprint 16,NCIS Sprint 17,NCIS Sprint 18,,
NCIS-414,646326,,,,,,,,
NCIS-415,646327,,NCIS Sprint 12,NCIS Sprint 15,NCIS Sprint 16,NCIS Sprint 17,NCIS Sprint 18,,
NCIS-416,646328,,NCIS Sprint 12,NCIS Sprint 14,NCIS Sprint 15,NCIS Sprint 16,NCIS Sprint 17,NCIS Sprint 18,
NCIS-417,646329,,NCIS Sprint 12,,,,,,
NCIS-418,646339,,,,,,,,
NCIS-419,646361,,NCIS Sprint 16,NCIS Sprint 17,NCIS Sprint 18,,,,
NCIS-420,646658,639095,NCIS Sprint 11,NCIS Sprint 12,NCIS Sprint 14,NCIS Sprint 15,,,
NCIS-421,646898,,,,,,,,
NCIS-422,647878,629535,NCIS Sprint 11,NCIS Sprint 12,NCIS Sprint 14,NCIS Sprint 15,,,
NCIS-423,648358,408324,NCIS Sprint 12,NCIS Sprint 15,NCIS Sprint 16,NCIS Sprint 17,NCIS Sprint 18,,
NCIS-424,648365,408324,NCIS Sprint 12,NCIS Sprint 15,NCIS Sprint 16,NCIS Sprint 17,NCIS Sprint 18,,
NCIS-425,648582,334140,NCIS Sprint 14,NCIS Sprint 15,,,,,
NCIS-426,648588,334140,NCIS Sprint 14,NCIS Sprint 15,,,,,
NCIS-427,648434,646328,NCIS Sprint 12,NCIS Sprint 14,NCIS Sprint 15,NCIS Sprint 16,NCIS Sprint 17,NCIS Sprint 18,
NCIS-429,650738,408312,NCIS Sprint 14,NCIS Sprint 15,,,,,
NCIS-430,651138,644062,NCIS Sprint 12,NCIS Sprint 16,NCIS Sprint 17,NCIS Sprint 18,,,
NCIS-431,651143,644062,NCIS Sprint 12,NCIS Sprint 16,NCIS Sprint 17,NCIS Sprint 18,,,
NCIS-432,652602,408324,NCIS Sprint 12,NCIS Sprint 15,NCIS Sprint 16,NCIS Sprint 17,NCIS Sprint 18,,
NCIS-433,653175,334140,NCIS Sprint 14,NCIS Sprint 15,,,,,
NCIS-434,655730,646328,NCIS Sprint 12,NCIS Sprint 14,NCIS Sprint 15,NCIS Sprint 16,NCIS Sprint 17,NCIS Sprint 18,
NCIS-435,655738,644062,NCIS Sprint 12,NCIS Sprint 16,NCIS Sprint 17,NCIS Sprint 18,,,
NCIS-436,656183,,,,,,,,
NCIS-437,656194,,,,,,,,
NCIS-438,656195,,,,,,,,
NCIS-439,656196,,,,,,,,
NCIS-440,657987,408306,NCIS Sprint 15,NCIS Sprint 16,NCIS Sprint 17,NCIS Sprint 18,,,
NCIS-441,657988,408306,NCIS Sprint 15,NCIS Sprint 16,NCIS Sprint 17,NCIS Sprint 18,,,
NCIS-442,657989,408312,NCIS Sprint 14,NCIS Sprint 15,,,,,
NCIS-443,658793,646324,NCIS Sprint 12,NCIS Sprint 15,NCIS Sprint 16,NCIS Sprint 17,NCIS Sprint 18,,
NCIS-444,658842,646324,NCIS Sprint 12,NCIS Sprint 15,NCIS Sprint 16,NCIS Sprint 17,NCIS Sprint 18,,
NCIS-445,658998,408324,NCIS Sprint 12,NCIS Sprint 15,NCIS Sprint 16,NCIS Sprint 17,NCIS Sprint 18,,
NCIS-446,659966,646328,NCIS Sprint 12,NCIS Sprint 14,NCIS Sprint 15,NCIS Sprint 16,NCIS Sprint 17,NCIS Sprint 18,
NCIS-447,659967,408324,NCIS Sprint 12,NCIS Sprint 15,NCIS Sprint 16,NCIS Sprint 17,NCIS Sprint 18,,
NCIS-448,660524,,,,,,,,
NCIS-449,660526,,NCIS Sprint 17,NCIS Sprint 18,,,,,
NCIS-450,660527,,NCIS Sprint 15,NCIS Sprint 16,NCIS Sprint 17,NCIS Sprint 18,,,
NCIS-451,660528,,NCIS Sprint 15,NCIS Sprint 16,NCIS Sprint 17,NCIS Sprint 18,,,
NCIS-452,660529,,,,,,,,
NCIS-453,660530,,NCIS Sprint 15,,,,,,
NCIS-454,660531,,NCIS Blocked,,,,,,
NCIS-455,660532,,NCIS Sprint 16,NCIS Sprint 17,NCIS Sprint 18,,,,
NCIS-456,660533,,NCIS Sprint 16,NCIS Sprint 17,NCIS Sprint 18,,,,
NCIS-457,660534,,NCIS Blocked,,,,,,
NCIS-458,660535,,,,,,,,
NCIS-459,662123,660527,NCIS Sprint 15,NCIS Sprint 16,NCIS Sprint 17,NCIS Sprint 18,,,
NCIS-460,662308,660533,NCIS Sprint 16,NCIS Sprint 17,NCIS Sprint 18,,,,
NCIS-461,663556,660532,NCIS Sprint 16,NCIS Sprint 17,NCIS Sprint 18,,,,
NCIS-462,664862,,,,,,,,
NCIS-465,665119,,,,,,,,
NCIS-466,665275,,,,,,,,
NCIS-467,666385,,NCIS Sprint 13,,,,,,
NCIS-468,666387,,NCIS Sprint 13,,,,,,
NCIS-469,666401,,,,,,,,
NCIS-470,666403,,NCIS Sprint 18,,,,,,
NCIS-471,666405,,,,,,,,
NCIS-472,666407,,NCIS Blocked,,,,,,
NCIS-473,666859,660527,NCIS Sprint 15,NCIS Sprint 16,NCIS Sprint 17,NCIS Sprint 18,,,
NCIS-474,666862,660527,NCIS Sprint 15,NCIS Sprint 16,NCIS Sprint 17,NCIS Sprint 18,,,
NCIS-475,666863,660527,NCIS Sprint 15,NCIS Sprint 16,NCIS Sprint 17,NCIS Sprint 18,,,
NCIS-476,666865,660527,NCIS Sprint 15,NCIS Sprint 16,NCIS Sprint 17,NCIS Sprint 18,,,
NCIS-477,672879,,NCIS Sprint 18,,,,,,
NCIS-478,672886,,NCIS Sprint 15,NCIS Sprint 16,NCIS Sprint 17,NCIS Sprint 18,,,
NCIS-479,673432,,NCIS Sprint 18,,,,,,
NCIS-480,675116,,NCIS Sprint 15,NCIS Sprint 16,NCIS Sprint 17,NCIS Sprint 18,,,
NCIS-481,675117,,NCIS Sprint 18,,,,,,
NCIS-482,677560,646327,NCIS Sprint 12,NCIS Sprint 15,NCIS Sprint 16,NCIS Sprint 17,NCIS Sprint 18,,
NCIS-483,677718,646327,NCIS Sprint 12,NCIS Sprint 15,NCIS Sprint 16,NCIS Sprint 17,NCIS Sprint 18,,
NCIS-484,677722,660533,NCIS Sprint 16,NCIS Sprint 17,NCIS Sprint 18,,,,
NCIS-485,677723,660533,NCIS Sprint 16,NCIS Sprint 17,NCIS Sprint 18,,,,
NCIS-486,677726,660530,NCIS Sprint 15,,,,,,
NCIS-487,681589,646328,NCIS Sprint 12,NCIS Sprint 14,NCIS Sprint 15,NCIS Sprint 16,NCIS Sprint 17,NCIS Sprint 18,
NCIS-488,681737,646328,NCIS Sprint 12,NCIS Sprint 14,NCIS Sprint 15,NCIS Sprint 16,NCIS Sprint 17,NCIS Sprint 18,
NCIS-489,681648,,NCIS Sprint 15,NCIS Sprint 16,NCIS Sprint 17,NCIS Sprint 18,,,
NCIS-490,688946,408306,NCIS Sprint 15,NCIS Sprint 16,NCIS Sprint 17,NCIS Sprint 18,,,
NCIS-491,688950,,NCIS Sprint 17,NCIS Sprint 18,,,,,
NCIS-492,690254,,,,,,,,
NCIS-493,692651,,,,,,,,
NCIS-494,692988,,,,,,,,
NCIS-495,693052,,NCIS Sprint 15,NCIS Sprint 16,NCIS Sprint 17,NCIS Sprint 18,,,
NCIS-496,693184,,,,,,,,
NCIS-497,693230,,,,,,,,
NCIS-498,693233,,,,,,,,
NCIS-499,697696,,NCIS Sprint 15,NCIS Sprint 16,NCIS Sprint 17,NCIS Sprint 18,,,
NCIS-500,697713,,,,,,,,
NCIS-501,697714,,NCIS Sprint 15,NCIS Sprint 16,NCIS Sprint 17,NCIS Sprint 18,,,
NCIS-502,697716,,NCIS Sprint 15,NCIS Sprint 16,NCIS Sprint 17,NCIS Sprint 18,,,
NCIS-503,697727,,,,,,,,
NCIS-504,698175,,,,,,,,
NCIS-505,698196,,,,,,,,
NCIS-506,698223,,,,,,,,
NCIS-507,705686,,,,,,,,
NCIS-509,709784,,NCIS Sprint 15,NCIS Sprint 16,NCIS Sprint 17,NCIS Sprint 18,,,
NCIS-510,709724,,,,,,,,
NCIS-511,709725,,,,,,,,
NCIS-512,710538,,NCIS Sprint 15,NCIS Sprint 16,NCIS Sprint 17,NCIS Sprint 18,,,
NCIS-513,710644,,,,,,,,
NCIS-514,710772,,NCIS Sprint 15,NCIS Sprint 16,NCIS Sprint 17,NCIS Sprint 18,,,
NCIS-515,710775,,NCIS Sprint 15,NCIS Sprint 16,NCIS Sprint 17,NCIS Sprint 18,,,
NCIS-516,715481,,NCIS Sprint 15,NCIS Sprint 16,NCIS Sprint 17,NCIS Sprint 18,,,
NCIS-517,715777,715481,NCIS Sprint 15,NCIS Sprint 16,NCIS Sprint 17,NCIS Sprint 18,,,
NCIS-518,715778,715481,NCIS Sprint 15,NCIS Sprint 16,NCIS Sprint 17,NCIS Sprint 18,,,
NCIS-519,715779,715481,NCIS Sprint 15,NCIS Sprint 16,NCIS Sprint 17,NCIS Sprint 18,,,
NCIS-520,715849,715481,NCIS Sprint 15,NCIS Sprint 16,NCIS Sprint 17,NCIS Sprint 18,,,
NCIS-521,716985,675116,NCIS Sprint 15,NCIS Sprint 16,NCIS Sprint 17,NCIS Sprint 18,,,
NCIS-522,717170,,NCIS Sprint 15,NCIS Sprint 16,NCIS Sprint 17,NCIS Sprint 18,,,
NCIS-523,721342,697714,NCIS Sprint 15,NCIS Sprint 16,NCIS Sprint 17,NCIS Sprint 18,,,
NCIS-524,721344,697714,NCIS Sprint 15,NCIS Sprint 16,NCIS Sprint 17,NCIS Sprint 18,,,
NCIS-525,721347,697696,NCIS Sprint 15,NCIS Sprint 16,NCIS Sprint 17,NCIS Sprint 18,,,
NCIS-526,721348,697696,NCIS Sprint 15,NCIS Sprint 16,NCIS Sprint 17,NCIS Sprint 18,,,
NCIS-527,723882,,NCIS Sprint 16,NCIS Sprint 17,NCIS Sprint 18,,,,
NCIS-528,723887,,,,,,,,
NCIS-529,723888,,,,,,,,
NCIS-530,723911,,,,,,,,
NCIS-531,723745,697696,NCIS Sprint 15,NCIS Sprint 16,NCIS Sprint 17,NCIS Sprint 18,,,
NCIS-532,723746,697714,NCIS Sprint 15,NCIS Sprint 16,NCIS Sprint 17,NCIS Sprint 18,,,
NCIS-533,723994,717170,NCIS Sprint 15,NCIS Sprint 16,NCIS Sprint 17,NCIS Sprint 18,,,
NCIS-534,723995,717170,NCIS Sprint 15,NCIS Sprint 16,NCIS Sprint 17,NCIS Sprint 18,,,
NCIS-535,723997,717170,NCIS Sprint 15,NCIS Sprint 16,NCIS Sprint 17,NCIS Sprint 18,,,
NCIS-536,723999,723882,NCIS Sprint 16,NCIS Sprint 17,NCIS Sprint 18,,,,
NCIS-537,724222,,NCIS Sprint 16,NCIS Sprint 17,,,,,
NCIS-538,724223,,NCIS Sprint 16,NCIS Sprint 17,NCIS Sprint 18,,,,
NCIS-539,724224,,NCIS Sprint 16,NCIS Sprint 17,,,,,
NCIS-540,724225,,NCIS Sprint 16,NCIS Sprint 17,,,,,
NCIS-541,724226,,NCIS Sprint 16,NCIS Sprint 17,,,,,
NCIS-542,725098,,NCIS Sprint 17,NCIS Blocked,,,,,
NCIS-543,725113,,,,,,,,
NCIS-544,725739,,NCIS Sprint 16,,,,,,
NCIS-545,726253,,NCIS Sprint 18,,,,,,
NCIS-546,727070,,,,,,,,
NCIS-547,727821,,NCIS Sprint 16,NCIS Sprint 17,NCIS Sprint 18,,,,
NCIS-548,727910,723882,NCIS Sprint 16,NCIS Sprint 17,NCIS Sprint 18,,,,
NCIS-550,729314,,NCIS Sprint 18,,,,,,
NCIS-551,730505,,NCIS Sprint 18,,,,,,
NCIS-552,730506,,,,,,,,
NCIS-553,730510,,,,,,,,
NCIS-554,730976,730505,NCIS Sprint 18,,,,,,
NCIS-555,730955,,NCIS Sprint 16,NCIS Sprint 17,NCIS Sprint 18,,,,
NCIS-556,731765,730506,,,,,,,
NCIS-557,731767,730506,,,,,,,
NCIS-558,732060,730510,,,,,,,
NCIS-559,732875,730510,,,,,,,
NCIS-560,733583,,,,,,,,
NCIS-561,734789,,NCIS Sprint 17,NCIS Sprint 18,,,,,
NCIS-562,734791,,NCIS Sprint 17,NCIS Sprint 18,,,,,
NCIS-563,734569,,NCIS Sprint 17,NCIS Sprint 18,,,,,
NCIS-564,734873,,NCIS Sprint 17,NCIS Blocked,,,,,
NCIS-565,734849,,NCIS Sprint 17,NCIS Sprint 18,,,,,
NCIS-566,735113,723882,NCIS Sprint 16,NCIS Sprint 17,NCIS Sprint 18,,,,
NCIS-567,735700,730506,,,,,,,
NCIS-568,735701,,NCIS Sprint 17,NCIS Sprint 18,,,,,
NCIS-569,735703,735701,NCIS Sprint 17,NCIS Sprint 18,,,,,
NCIS-570,736195,730510,,,,,,,
NCIS-571,736314,,,,,,,,
NCIS-572,736315,,NCIS Sprint 17,,,,,,
NCIS-573,736797,744564,NCIS Sprint 18,,,,,,
NCIS-574,736828,,NCIS Sprint 17,NCIS Sprint 18,,,,,
NCIS-575,736832,736828,NCIS Sprint 17,NCIS Sprint 18,,,,,
NCIS-576,737914,,,,,,,,
NCIS-577,737915,,NCIS Sprint 17,,,,,,
NCIS-578,738915,,NCIS Sprint 17,NCIS Sprint 18,,,,,
NCIS-579,738920,738915,NCIS Sprint 17,NCIS Sprint 18,,,,,
NCIS-580,739172,734873,NCIS Sprint 17,NCIS Blocked,,,,,
NCIS-581,740349,,NCIS Sprint 17,NCIS Sprint 18,,,,,
NCIS-582,741449,,,,,,,,
NCIS-583,741601,,,,,,,,
NCIS-584,741604,,,,,,,,
NCIS-585,741608,,,,,,,,
NCIS-586,741609,,,,,,,,
NCIS-587,741610,,,,,,,,
NCIS-588,741611,,,,,,,,
NCIS-589,741612,,,,,,,,
NCIS-590,741613,,,,,,,,
NCIS-591,741614,,,,,,,,
NCIS-592,741615,,,,,,,,
NCIS-593,741616,,,,,,,,
NCIS-594,741618,,,,,,,,
NCIS-595,741620,,,,,,,,
NCIS-596,741621,,,,,,,,
NCIS-597,741622,,,,,,,,
NCIS-598,741624,,,,,,,,
NCIS-599,741625,,,,,,,,
NCIS-600,741627,,,,,,,,
NCIS-601,741630,,,,,,,,
NCIS-602,741631,,,,,,,,
NCIS-603,741632,,,,,,,,
NCIS-604,741633,,,,,,,,
NCIS-605,741634,,,,,,,,
NCIS-606,741642,,,,,,,,
NCIS-607,741644,,,,,,,,
NCIS-608,741645,,,,,,,,
NCIS-609,741647,,,,,,,,
NCIS-610,741648,,,,,,,,
NCIS-611,741650,,,,,,,,
NCIS-612,741652,,,,,,,,
NCIS-613,741654,,,,,,,,
NCIS-614,741656,,,,,,,,
NCIS-615,741658,,,,,,,,
NCIS-616,741659,,,,,,,,
NCIS-617,741663,,,,,,,,
NCIS-618,741665,,,,,,,,
NCIS-619,741666,,,,,,,,
NCIS-620,741668,,,,,,,,
NCIS-621,741770,,,,,,,,
NCIS-622,741772,,,,,,,,
NCIS-623,741775,,,,,,,,
NCIS-624,741776,,,,,,,,
NCIS-625,741778,,,,,,,,
NCIS-626,741779,,,,,,,,
NCIS-627,741780,,,,,,,,
NCIS-628,741782,,,,,,,,
NCIS-629,741783,,,,,,,,
NCIS-630,741785,,,,,,,,
NCIS-631,741787,,,,,,,,
NCIS-632,741788,,,,,,,,
NCIS-633,741789,,,,,,,,
NCIS-634,741790,,,,,,,,
NCIS-635,741791,,,,,,,,
NCIS-636,741792,,,,,,,,
NCIS-637,741793,,,,,,,,
NCIS-638,741794,,,,,,,,
NCIS-639,741795,,,,,,,,
NCIS-640,741796,,,,,,,,
NCIS-641,741798,,,,,,,,
NCIS-642,741799,,,,,,,,
NCIS-643,741801,,,,,,,,
NCIS-644,741803,,,,,,,,
NCIS-645,741804,,,,,,,,
NCIS-646,741805,,,,,,,,
NCIS-647,741806,730506,,,,,,,
NCIS-648,741807,,,,,,,,
NCIS-649,741808,730510,,,,,,,
NCIS-650,741810,,,,,,,,
NCIS-651,741811,,,,,,,,
NCIS-652,741812,,,,,,,,
NCIS-653,741813,,,,,,,,
NCIS-654,741814,,,,,,,,
NCIS-655,741815,,,,,,,,
NCIS-656,741816,,,,,,,,
NCIS-657,741817,,,,,,,,
NCIS-658,741818,,,,,,,,
NCIS-659,741819,,,,,,,,
NCIS-660,741821,,,,,,,,
NCIS-661,741822,,,,,,,,
NCIS-662,741823,,,,,,,,
NCIS-663,741824,,,,,,,,
NCIS-664,741825,,,,,,,,
NCIS-665,741827,,,,,,,,
NCIS-666,741828,,,,,,,,
NCIS-667,741830,,,,,,,,
NCIS-668,741832,,,,,,,,
NCIS-669,741569,,,,,,,,
NCIS-670,741835,,,,,,,,
NCIS-671,741836,,,,,,,,
NCIS-672,741837,,,,,,,,
NCIS-673,741838,,,,,,,,
NCIS-674,741839,,,,,,,,
NCIS-675,741870,,,,,,,,
NCIS-676,741840,,,,,,,,
NCIS-677,741841,,,,,,,,
NCIS-678,741842,,,,,,,,
NCIS-679,741843,,,,,,,,
NCIS-680,741844,,,,,,,,
NCIS-681,741845,,,,,,,,
NCIS-682,741846,,,,,,,,
NCIS-683,741847,,,,,,,,
NCIS-684,741848,,,,,,,,
NCIS-685,741849,,,,,,,,
NCIS-686,741850,,,,,,,,
NCIS-687,741851,,,,,,,,
NCIS-688,741852,,,,,,,,
NCIS-689,741853,,,,,,,,
NCIS-690,741873,,NCIS Sprint 17,,,,,,
NCIS-691,741859,,,,,,,,
NCIS-692,741861,,,,,,,,
NCIS-693,741862,,,,,,,,
NCIS-694,741863,,,,,,,,
NCIS-695,741864,,,,,,,,
NCIS-696,741865,,,,,,,,
NCIS-697,741866,,,,,,,,
NCIS-698,741867,,,,,,,,
NCIS-699,741868,,,,,,,,
NCIS-700,741869,,,,,,,,
NCIS-701,741970,,,,,,,,
NCIS-702,741971,,,,,,,,
NCIS-703,741972,,,,,,,,
NCIS-704,741973,,,,,,,,
NCIS-705,741974,,,,,,,,
NCIS-706,741975,,,,,,,,
NCIS-707,741976,,,,,,,,
NCIS-708,741978,,,,,,,,
NCIS-709,741882,,NCIS Sprint 17,,,,,,
NCIS-710,741885,,NCIS Sprint 17,,,,,,
NCIS-711,741996,,,,,,,,
NCIS-712,741997,,,,,,,,
NCIS-713,741999,,,,,,,,
NCIS-714,741888,,,,,,,,
NCIS-715,742001,,,,,,,,
NCIS-716,742002,,,,,,,,
NCIS-717,742003,,,,,,,,
NCIS-718,742004,,,,,,,,
NCIS-719,742005,,,,,,,,
NCIS-720,742007,,,,,,,,
NCIS-721,742008,,,,,,,,
NCIS-722,742009,,,,,,,,
NCIS-723,741899,,,,,,,,
NCIS-724,741901,,,,,,,,
NCIS-725,741902,,,,,,,,
NCIS-726,742019,,,,,,,,
NCIS-727,742020,,,,,,,,
NCIS-728,742021,,,,,,,,
NCIS-729,742022,,,,,,,,
NCIS-730,742023,,,,,,,,
NCIS-731,742024,,,,,,,,
NCIS-732,742026,,,,,,,,
NCIS-733,741903,,,,,,,,
NCIS-734,742028,,,,,,,,
NCIS-735,742029,,,,,,,,
NCIS-736,742030,,,,,,,,
NCIS-737,742032,,,,,,,,
NCIS-738,741905,,NCIS Sprint 17,,,,,,
NCIS-739,741908,,NCIS Sprint 17,,,,,,
NCIS-740,742351,,NCIS Sprint 17,,,,,,
NCIS-741,742355,,NCIS Sprint 17,,,,,,
NCIS-742,742362,,,,,,,,
NCIS-743,742602,,,,,,,,
NCIS-744,742680,,,,,,,,
NCIS-745,742667,,NCIS Sprint 18,,,,,,
NCIS-746,742881,742667,NCIS Sprint 18,,,,,,
NCIS-747,742884,,,,,,,,
NCIS-748,742900,,,,,,,,
NCIS-749,742941,,NCIS Sprint 18,,,,,,
NCIS-750,743341,740349,NCIS Sprint 17,NCIS Sprint 18,,,,,
NCIS-751,743342,740349,NCIS Sprint 17,NCIS Sprint 18,,,,,
NCIS-753,744326,,NCIS Sprint 17,NCIS Sprint 18,,,,,
NCIS-754,744376,,NCIS Sprint 18,,,,,,
NCIS-755,744377,,,,,,,,
NCIS-756,744606,,NCIS Sprint 17,NCIS Sprint 18,,,,,
NCIS-757,744564,,NCIS Sprint 18,,,,,,
NCIS-758,745222,,,,,,,,
NCIS-759,745028,,NCIS Sprint 17,NCIS Sprint 18,,,,,
NCIS-760,745616,,NCIS Sprint 17,NCIS Sprint 18,,,,,
NCIS-761,745911,,NCIS Sprint 18,,,,,,
